trial_id,Jaccard_index,true_positive_rate,precision,track_purity,target_effectiveness,mitotic_branching_correctness,time_this_iter_s,done,timesteps_total,episodes_total,training_iteration,experiment_id,date,timestamp,time_total_s,pid,hostname,node_ip,time_since_restore,timesteps_since_restore,iterations_since_restore,warmup_time,experiment_tag,config.max_distance,config.splitting_max_distance,config.gap_closing
4cd95_00127,0.9402664374731414,0.968141592920354,0.9702882483370289,0.8809312638580932,0.9471238938053097,0.6888361045130641,80.89652252197266,True,,,1,402832c6d0024e1f89ba5cba03da6fdf,2022-08-23_18-21-15,1661246475,80.89652252197266,271362,booster,172.21.5.13,80.89652252197266,0,1,0.010791778564453125,127,14.0,27.846153846153847,1
4cd95_00126,0.9398496240601504,0.9679203539823009,0.9700665188470067,0.8802660753880266,0.9471238938053097,0.6864608076009501,83.05677580833435,True,,,1,02202a9c01d74b2ca8770c630cba0622,2022-08-23_18-21-02,1661246462,83.05677580833435,271276,booster,172.21.5.13,83.05677580833435,0,1,0.011436939239501953,126,14.0,27.846153846153847,0
4cd95_00099,0.9394329896907216,0.9676991150442478,0.9698447893569845,0.8767184035476718,0.945353982300885,0.6817102137767221,90.89087986946106,True,,,1,1aa8adb8b1e0499e944db8a4a1e14339,2022-08-23_18-14-28,1661246068,90.89087986946106,269763,booster,172.21.5.13,90.89087986946106,0,1,0.016681909561157227,99,11.0,27.846153846153847,1
4cd95_00125,0.9394069617533305,0.9672566371681416,0.9702618730581447,0.8794940079893475,0.9462389380530973,0.684085510688836,81.73734140396118,True,,,1,7f6d29c11e5448babeda6cc13a692c25,2022-08-23_18-20-59,1661246459,81.73734140396118,271272,booster,172.21.5.13,81.73734140396118,0,1,0.021242856979370117,125,14.0,24.153846153846153,1
4cd95_00129,0.9392573513629534,0.968141592920354,0.9692137320044297,0.8801771871539313,0.9464601769911505,0.6888361045130641,82.54634141921997,True,,,1,be762fc9674a40ee83ea4cb471a5a24e,2022-08-23_18-22-11,1661246531,82.54634141921997,271494,booster,172.21.5.13,82.54634141921997,0,1,0.015262365341186523,129,14.0,31.53846153846154,1
4cd95_00124,0.9389903329752953,0.9670353982300885,0.9700399467376831,0.8788282290279628,0.9462389380530973,0.6817102137767221,78.21789002418518,True,,,1,f71595cde9044db293b9b3032a99bdd6,2022-08-23_18-20-46,1661246446,78.21789002418518,271216,booster,172.21.5.13,78.21789002418518,0,1,0.00840902328491211,124,14.0,24.153846153846153,0
4cd95_00128,0.9388412017167382,0.9679203539823009,0.9689922480620154,0.8795127353266888,0.9464601769911505,0.6864608076009501,83.13798928260803,True,,,1,302baed350d04b18929772cb6c126f1d,2022-08-23_18-21-47,1661246507,83.13798928260803,271427,booster,172.21.5.13,83.13798928260803,0,1,0.010861873626708984,128,14.0,31.53846153846154,0
4cd95_00097,0.938573883161512,0.9668141592920354,0.9698180204172215,0.8757212605415002,0.9444690265486726,0.6769596199524941,89.79092788696289,True,,,1,fe3cc29b116e4ee1915699f348610341,2022-08-23_18-13-37,1661246017,89.79092788696289,269639,booster,172.21.5.13,89.79092788696289,0,1,0.012310266494750977,97,11.0,24.153846153846153,1
4cd95_00131,0.9384384384384384,0.9679203539823009,0.9685632056674784,0.879566083683861,0.9462389380530973,0.6864608076009501,83.37881088256836,True,,,1,298fba9672254a50915556579a2bb30f,2022-08-23_18-22-31,1661246551,83.37881088256836,271610,booster,172.21.5.13,83.37881088256836,0,1,0.0161893367767334,131,14.0,35.23076923076923,1
4cd95_00101,0.9384252306372023,0.9676991150442478,0.9687707641196013,0.875968992248062,0.9446902654867256,0.6817102137767221,94.12688827514648,True,,,1,3993d55e17a940d49c32c66eff790533,2022-08-23_18-14-46,1661246086,94.12688827514648,269826,booster,172.21.5.13,94.12688827514648,0,1,0.008492231369018555,101,11.0,31.53846153846154,1
4cd95_00137,0.9380360205831904,0.9679203539823009,0.9681345430404957,0.8791768090285461,0.945353982300885,0.6864608076009501,81.30858993530273,True,,,1,3929d97daae4465bb9cf22ef389da0b3,2022-08-23_18-24-02,1661246642,81.30858993530273,271970,booster,172.21.5.13,81.30858993530273,0,1,0.00664067268371582,137,14.0,46.30769230769231,1
4cd95_00135,0.9380360205831904,0.9679203539823009,0.9681345430404957,0.8791768090285461,0.945353982300885,0.6864608076009501,83.67932319641113,True,,,1,ee87be23ea7f450a82f94bccccf29f70,2022-08-23_18-23-44,1661246624,83.67932319641113,271836,booster,172.21.5.13,83.67932319641113,0,1,0.006690502166748047,135,14.0,42.61538461538462,1
4cd95_00133,0.9380360205831904,0.9679203539823009,0.9681345430404957,0.8791768090285461,0.945353982300885,0.6864608076009501,81.49111080169678,True,,,1,f94e17d2f6724bca9008cac9b6e5c57d,2022-08-23_18-22-46,1661246566,81.49111080169678,271703,booster,172.21.5.13,81.49111080169678,0,1,0.021045446395874023,133,14.0,38.92307692307693,1
4cd95_00130,0.9380227321466866,0.9676991150442478,0.9683418197918973,0.8786805401815364,0.9460176991150443,0.684085510688836,78.26924681663513,True,,,1,7c71a32f239f4d7bbc5cfc0c0a1ceffa,2022-08-23_18-22-17,1661246537,78.26924681663513,271550,booster,172.21.5.13,78.26924681663513,0,1,0.011667013168334961,130,14.0,35.23076923076923,0
4cd95_00136,0.9376205787781351,0.9676991150442478,0.9679132551449435,0.8782916574463376,0.9451327433628318,0.684085510688836,85.03261232376099,True,,,1,4e932f7699b740ebbdb2fff3c396a83c,2022-08-23_18-23-55,1661246635,85.03261232376099,271894,booster,172.21.5.13,85.03261232376099,0,1,0.006035804748535156,136,14.0,46.30769230769231,0
4cd95_00134,0.9376205787781351,0.9676991150442478,0.9679132551449435,0.8782916574463376,0.9451327433628318,0.684085510688836,80.5325219631195,True,,,1,f90b9bbafe154c6b80a53e755a82e673,2022-08-23_18-23-18,1661246598,80.5325219631195,271774,booster,172.21.5.13,80.5325219631195,0,1,0.02614903450012207,134,14.0,42.61538461538462,0
4cd95_00132,0.9376205787781351,0.9676991150442478,0.9679132551449435,0.8782916574463376,0.9451327433628318,0.684085510688836,81.93599939346313,True,,,1,891919f34b4e4118a2386d77148ff3a4,2022-08-23_18-22-32,1661246552,81.93599939346313,271630,booster,172.21.5.13,81.93599939346313,0,1,0.007726907730102539,132,14.0,38.92307692307693,0
4cd95_00103,0.9376072041166381,0.9674778761061947,0.9681204339163162,0.8753597520478194,0.9444690265486726,0.6793349168646081,84.3568971157074,True,,,1,36106b011d7245839bc41783bf319b4c,2022-08-23_18-15-12,1661246112,84.3568971157074,269969,booster,172.21.5.13,84.3568971157074,0,1,0.009546279907226562,103,11.0,35.23076923076923,1
4cd95_00139,0.9374196313759109,0.9676991150442478,0.9676991150442478,0.8789823008849558,0.9451327433628318,0.684085510688836,81.165274143219,True,,,1,c2dae87dd13642b4902645737b1bd1c6,2022-08-23_18-24-18,1661246658,81.165274143219,272057,booster,172.21.5.13,81.165274143219,0,1,0.00908350944519043,139,14.0,50.0,1
4cd95_00105,0.9372053150450065,0.9674778761061947,0.9676919672493914,0.8749723390130559,0.9435840707964602,0.6793349168646081,82.17349600791931,True,,,1,c9ed798ad9b544a385f960c240e2aa8c,2022-08-23_18-16-00,1661246160,82.17349600791931,270097,booster,172.21.5.13,82.17349600791931,0,1,0.005279541015625,105,11.0,38.92307692307693,1
4cd95_00107,0.9372053150450065,0.9674778761061947,0.9676919672493914,0.8749723390130559,0.9435840707964602,0.6793349168646081,85.55557632446289,True,,,1,efe09c91b0de4844abb35edf5fa292d6,2022-08-23_18-16-19,1661246179,85.55557632446289,270209,booster,172.21.5.13,85.55557632446289,0,1,0.0047626495361328125,107,11.0,42.61538461538462,1
4cd95_00109,0.9372053150450065,0.9674778761061947,0.9676919672493914,0.8749723390130559,0.9435840707964602,0.6793349168646081,83.16128253936768,True,,,1,cadc4e5eb5af4bd6ba5344ea8171beaa,2022-08-23_18-16-44,1661246204,83.16128253936768,270331,booster,172.21.5.13,83.16128253936768,0,1,0.005003452301025391,109,11.0,46.30769230769231,1
4cd95_00123,0.9371907937190793,0.9639380530973451,0.9712438698172091,0.8704859563085153,0.9438053097345133,0.6532066508313539,81.59334397315979,True,,,1,f12110edb3d14dfa89c1f35be08cfae2,2022-08-23_18-20-40,1661246440,81.59334397315979,271157,booster,172.21.5.13,81.59334397315979,0,1,0.006206989288330078,123,14.0,20.461538461538463,1
4cd95_00122,0.9371637615666021,0.963495575221239,0.9716644355198573,0.8694779116465864,0.9442477876106194,0.6508313539192399,82.66578245162964,True,,,1,c32e9f08cdeb4edbb8412c96662ab6fd,2022-08-23_18-20-14,1661246414,82.66578245162964,271083,booster,172.21.5.13,82.66578245162964,0,1,0.004418373107910156,122,14.0,20.461538461538463,0
4cd95_00138,0.9370044996785943,0.9674778761061947,0.9674778761061947,0.8780973451327434,0.9449115044247788,0.6817102137767221,82.28757429122925,True,,,1,0650cfe88349407eace679f887d4febb,2022-08-23_18-24-03,1661246643,82.28757429122925,271973,booster,172.21.5.13,82.28757429122925,0,1,0.008857011795043945,138,14.0,50.0,0
4cd95_00111,0.9365895458440445,0.9672566371681416,0.9672566371681416,0.8747787610619469,0.9433628318584071,0.6769596199524941,89.59873604774475,True,,,1,3caab126ccb840b693d95e085f7d9039,2022-08-23_18-17-41,1661246261,89.59873604774475,270454,booster,172.21.5.13,89.59873604774475,0,1,0.0052487850189208984,111,11.0,50.0,1
4cd95_00095,0.9359001935900194,0.9626106194690266,0.9712053571428572,0.8665178571428571,0.9422566371681416,0.6389548693586699,86.72504043579102,True,,,1,2abc64721b1d4512915d2a68a9db19c1,2022-08-23_18-13-04,1661245984,86.72504043579102,269537,booster,172.21.5.13,86.72504043579102,0,1,0.010880708694458008,95,11.0,20.461538461538463,1
4cd95_00071,0.9336046262582994,0.9643805309734513,0.9669476486246673,0.864019520851819,0.9396017699115045,0.6460807600950119,92.72569847106934,True,,,1,4d3da3241a0a42a5bc08d6d3c1b1a30e,2022-08-23_18-06-36,1661245596,92.72569847106934,268097,booster,172.21.5.13,92.72569847106934,0,1,0.0041353702545166016,71,8.0,27.846153846153847,1
4cd95_00069,0.9327479117584065,0.963495575221239,0.9669182948490231,0.8623445825932504,0.9387168141592921,0.6389548693586699,91.37573575973511,True,,,1,3cff37f8f9b4401991c725df6dd1a94d,2022-08-23_18-06-17,1661245577,91.37573575973511,268034,booster,172.21.5.13,91.37573575973511,0,1,0.004995822906494141,69,8.0,24.153846153846153,1
4cd95_00075,0.9318084651560496,0.9643805309734513,0.9650210316581802,0.8629621430152756,0.9380530973451328,0.6460807600950119,92.509610414505,True,,,1,1bcd1fbf686b4a988ae3e8b56b14cc31,2022-08-23_18-08-00,1661245680,92.509610414505,268367,booster,172.21.5.13,92.509610414505,0,1,0.005041837692260742,75,8.0,35.23076923076923,1
4cd95_00073,0.9317938849689972,0.9641592920353982,0.9652270210409746,0.8626799557032115,0.9378318584070796,0.6437054631828979,92.46719598770142,True,,,1,18eaa54849454ac4b4ccfdefabaeaad1,2022-08-23_18-07-14,1661245634,92.46719598770142,268243,booster,172.21.5.13,92.46719598770142,0,1,0.008356094360351562,73,8.0,31.53846153846154,1
4cd95_00079,0.9316093182303911,0.9643805309734513,0.9648074369189907,0.8627711376715361,0.9380530973451328,0.6460807600950119,91.93627715110779,True,,,1,63c25ea9256f4762b5c117c0a569fb59,2022-08-23_18-08-56,1661245736,91.93627715110779,268605,booster,172.21.5.13,91.93627715110779,0,1,0.01154184341430664,79,8.0,42.61538461538462,1
4cd95_00077,0.9316093182303911,0.9643805309734513,0.9648074369189907,0.8627711376715361,0.9380530973451328,0.6460807600950119,95.03953790664673,True,,,1,8df91fc6149b4fca91cb46c3cdccbf72,2022-08-23_18-08-20,1661245700,95.03953790664673,268482,booster,172.21.5.13,95.03953790664673,0,1,0.012998104095458984,77,8.0,38.92307692307693,1
4cd95_00043,0.9315361574668378,0.9632743362831858,0.9658385093167702,0.8560337178349601,0.9380530973451328,0.6365795724465558,110.99802303314209,True,,,1,b5f53f668b1f42599f27da4aa1a6bddf,2022-08-23_17-59-06,1661245146,110.99802303314209,266622,booster,172.21.5.13,110.99802303314209,0,1,0.013524532318115234,43,5.0,27.846153846153847,1
4cd95_00081,0.9314102564102564,0.9643805309734513,0.9645939367116618,0.8623589289665855,0.9380530973451328,0.6460807600950119,90.71426343917847,True,,,1,5fba9c9f63b04cd79e064c0ad590b1db,2022-08-23_18-09-41,1661245781,90.71426343917847,268727,booster,172.21.5.13,90.71426343917847,0,1,0.005682468414306641,81,8.0,46.30769230769231,1
4cd95_00083,0.9312112796411023,0.9643805309734513,0.9643805309734513,0.8621681415929203,0.9378318584070796,0.6460807600950119,93.3805820941925,True,,,1,94edf079e23c427a9dc9245372382bc6,2022-08-23_18-10-02,1661245802,93.3805820941925,268845,booster,172.21.5.13,93.3805820941925,0,1,0.007605075836181641,83,8.0,50.0,1
4cd95_00041,0.9306803594351734,0.9623893805309734,0.9658081705150977,0.8543516873889876,0.9371681415929204,0.6294536817102138,112.14615154266357,True,,,1,863a7c9fafb34cf2a8094df7c008a572,2022-08-23_17-58-00,1661245080,112.14615154266357,266490,booster,172.21.5.13,112.14615154266357,0,1,0.007865428924560547,41,5.0,24.153846153846153,1
4cd95_00121,0.9305945945945946,0.952212389380531,0.9761850759809481,0.8475844862780676,0.9389380530973451,0.5486935866983373,79.7699327468872,True,,,1,0c5b9d8d6c5f47de863b782fc190eb81,2022-08-23_18-19-44,1661246384,79.7699327468872,271020,booster,172.21.5.13,79.7699327468872,0,1,0.014185905456542969,121,14.0,16.76923076923077,1
4cd95_00067,0.9302425413178794,0.9588495575221239,0.9689246590655042,0.85177733065057,0.9362831858407079,0.5961995249406176,90.22746300697327,True,,,1,73103dfd54ab40b28f21f69344952fa6,2022-08-23_18-05-31,1661245531,90.22746300697327,267908,booster,172.21.5.13,90.22746300697327,0,1,0.00901174545288086,67,8.0,20.461538461538463,1
4cd95_00120,0.9299459459459459,0.9515486725663717,0.9761688606445755,0.8456650022696324,0.9382743362831858,0.5415676959619953,78.33861565589905,True,,,1,9b184db230d1460ca876621c50545b97,2022-08-23_18-19-30,1661246370,78.33861565589905,270960,booster,172.21.5.13,78.33861565589905,0,1,0.009132862091064453,120,14.0,16.76923076923077,0
4cd95_00047,0.929745889387145,0.9632743362831858,0.9639141022802745,0.8547708656187735,0.9360619469026549,0.6365795724465558,113.87466883659363,True,,,1,ad17a4bbf77b4dfeaa6c6e6b99123adc,2022-08-23_18-00-01,1661245201,113.87466883659363,266827,booster,172.21.5.13,113.87466883659363,0,1,0.005662441253662109,47,5.0,35.23076923076923,1
4cd95_00045,0.9297308842375054,0.9630530973451328,0.9641196013289036,0.8544850498338871,0.9360619469026549,0.6342042755344418,113.76036977767944,True,,,1,a633de678ffd4faaaa3681db7edf3492,2022-08-23_17-59-42,1661245182,113.76036977767944,266713,booster,172.21.5.13,113.76036977767944,0,1,0.004645824432373047,45,5.0,31.53846153846154,1
4cd95_00053,0.9293489861259339,0.9632743362831858,0.9634874972339013,0.8541712768311573,0.9360619469026549,0.6365795724465558,109.38668274879456,True,,,1,8f1cfced18e54577a7dc597b9b9b90f5,2022-08-23_18-01-43,1661245303,109.38668274879456,267085,booster,172.21.5.13,109.38668274879456,0,1,0.006578683853149414,53,5.0,46.30769230769231,1
4cd95_00049,0.9293489861259339,0.9632743362831858,0.9634874972339013,0.8541712768311573,0.9360619469026549,0.6365795724465558,112.58109521865845,True,,,1,3bab87896fc045c6ac4998c2d493343a,2022-08-23_18-00-52,1661245252,112.58109521865845,266922,booster,172.21.5.13,112.58109521865845,0,1,0.004414796829223633,49,5.0,38.92307692307693,1
4cd95_00051,0.9293489861259339,0.9632743362831858,0.9634874972339013,0.8541712768311573,0.9360619469026549,0.6365795724465558,116.87542152404785,True,,,1,8e343e9fb9754117ad56aaef70559230,2022-08-23_18-01-48,1661245308,116.87542152404785,267047,booster,172.21.5.13,116.87542152404785,0,1,0.01006627082824707,51,5.0,42.61538461538462,1
4cd95_00055,0.9291506615450278,0.9632743362831858,0.9632743362831858,0.8539823008849557,0.9358407079646017,0.6365795724465558,110.54757976531982,True,,,1,ac73d553c9ef410797bf8cd8a32c8a36,2022-08-23_18-02-51,1661245371,110.54757976531982,267239,booster,172.21.5.13,110.54757976531982,0,1,0.00945138931274414,55,5.0,50.0,1
4cd95_00015,0.9290598290598291,0.9619469026548673,0.9645075421472937,0.8540372670807453,0.9347345132743363,0.6223277909738717,165.73081946372986,True,,,1,75f6c8b1d49c4e28902bac22ebfac1cd,2022-08-23_17-49-02,1661244542,165.73081946372986,264787,booster,172.21.5.13,165.73081946372986,0,1,0.004117727279663086,15,2.0,27.846153846153847,1
4cd95_00013,0.9286019666524156,0.9610619469026549,0.9649044868947134,0.8527321190581963,0.9345132743362832,0.6152019002375297,170.89352869987488,True,,,1,64207264a7e248358936dad30d61baf3,2022-08-23_17-48-25,1661244505,170.89352869987488,264663,booster,172.21.5.13,170.89352869987488,0,1,0.004209041595458984,13,2.0,24.153846153846153,1
4cd95_00093,0.9285868859554209,0.9493362831858407,0.9770036429872495,0.8397085610200364,0.9360619469026549,0.5154394299287411,86.45620441436768,True,,,1,a2538944440c4f53baec4b0d8abab93a,2022-08-23_18-12-47,1661245967,86.45620441436768,269421,booster,172.21.5.13,86.45620441436768,0,1,0.009446382522583008,93,11.0,16.76923076923077,1
4cd95_00017,0.9278702518139138,0.9619469026548673,0.9632255206025698,0.8531236154186974,0.9342920353982301,0.6223277909738717,164.37992334365845,True,,,1,4bea0b0a324542ea9af7c99bcc711de0,2022-08-23_17-49-46,1661244586,164.37992334365845,264914,booster,172.21.5.13,164.37992334365845,0,1,0.004134178161621094,17,2.0,31.53846153846154,1
4cd95_00019,0.927276604819791,0.9619469026548673,0.9625857870267877,0.852335620987381,0.9334070796460177,0.6223277909738717,161.98097777366638,True,,,1,9329b48514c54e71993cb797d470ae65,2022-08-23_17-50-52,1661244652,161.98097777366638,265052,booster,172.21.5.13,161.98097777366638,0,1,0.004347801208496094,19,2.0,35.23076923076923,1
4cd95_00039,0.9270542801973826,0.9559734513274336,0.9683998207082026,0.8402061855670103,0.9338495575221238,0.5676959619952494,114.35371518135071,True,,,1,24be3497804f4ce28ea82d99a943cba9,2022-08-23_17-57-47,1661245067,114.35371518135071,266374,booster,172.21.5.13,114.35371518135071,0,1,0.005394935607910156,39,5.0,20.461538461538463,1
4cd95_00021,0.9268812619910467,0.9619469026548673,0.9621597698605886,0.8517371099800841,0.9334070796460177,0.6223277909738717,160.8009910583496,True,,,1,5a860a049cb245a0b6a17706398a2a94,2022-08-23_17-51-40,1661244700,160.8009910583496,265220,booster,172.21.5.13,160.8009910583496,0,1,0.009162425994873047,21,2.0,38.92307692307693,1
4cd95_00154,0.9264078498293515,0.9608407079646017,0.9627577033917092,0.8412768787408557,0.9404867256637168,0.6223277909738717,82.02224087715149,True,,,1,4f9ba21e00444980a1c75bf9c91f2a18,2022-08-23_18-28-21,1661246901,82.02224087715149,272930,booster,172.21.5.13,82.02224087715149,0,1,0.006469249725341797,154,17.0,27.846153846153847,0
4cd95_00155,0.9264078498293515,0.9608407079646017,0.9627577033917092,0.8412768787408557,0.9404867256637168,0.6223277909738717,81.63693690299988,True,,,1,ed43f9ebef2842e4957c62070f90c02d,2022-08-23_18-28-29,1661246909,81.63693690299988,272988,booster,172.21.5.13,81.63693690299988,0,1,0.0056607723236083984,155,17.0,27.846153846153847,1
4cd95_00027,0.926273172810569,0.9617256637168141,0.9617256637168141,0.8515486725663717,0.9331858407079646,0.6199524940617577,166.006511926651,True,,,1,6b43c29028774e5499d03de45e8605bc,2022-08-23_17-54-11,1661244851,166.006511926651,265646,booster,172.21.5.13,166.006511926651,0,1,0.00857853889465332,27,2.0,50.0,1
4cd95_00025,0.926273172810569,0.9617256637168141,0.9617256637168141,0.8515486725663717,0.9331858407079646,0.6199524940617577,161.6619153022766,True,,,1,f405b5a393804b2ea9dffeb8acdde4dd,2022-08-23_17-53-36,1661244816,161.6619153022766,265521,booster,172.21.5.13,161.6619153022766,0,1,0.00710749626159668,25,2.0,46.30769230769231,1
4cd95_00023,0.926273172810569,0.9617256637168141,0.9617256637168141,0.8515486725663717,0.9331858407079646,0.6199524940617577,161.3853850364685,True,,,1,bfd7ec2b99a741f4bdd289aec084835d,2022-08-23_17-52-09,1661244729,161.3853850364685,265383,booster,172.21.5.13,161.3853850364685,0,1,0.008220672607421875,23,2.0,42.61538461538462,1
4cd95_00153,0.9257679180887372,0.9601769911504425,0.9627329192546584,0.8400621118012422,0.9398230088495575,0.6175771971496437,83.92042875289917,True,,,1,9199fda49051435ea0dc98c38b679e69,2022-08-23_18-28-12,1661246892,83.92042875289917,272866,booster,172.21.5.13,83.92042875289917,0,1,0.013695240020751953,153,17.0,24.153846153846153,1
4cd95_00152,0.9255546075085325,0.9599557522123894,0.9627246505435988,0.8398047481695141,0.9396017699115045,0.6175771971496437,84.12643265724182,True,,,1,a5266e9881eb4428aac9f82ae2dcca6a,2022-08-23_18-27-52,1661246872,84.12643265724182,272805,booster,172.21.5.13,84.12643265724182,0,1,0.01017904281616211,152,17.0,24.153846153846153,0
4cd95_00011,0.9252036005143592,0.9550884955752212,0.967286578534618,0.8380013443871835,0.9309734513274336,0.5558194774346793,158.65373849868774,True,,,1,60d1dc53bd5b4b91a53398abf484c491,2022-08-23_17-46-52,1661244412,158.65373849868774,264529,booster,172.21.5.13,158.65373849868774,0,1,0.0044460296630859375,11,2.0,20.461538461538463,1
4cd95_00156,0.9250106518960375,0.9606194690265487,0.9614703277236493,0.8405668733392383,0.9396017699115045,0.6199524940617577,78.2828049659729,True,,,1,76929a61a27d47c697b2947111f5f04e,2022-08-23_18-28-28,1661246908,78.2828049659729,272993,booster,172.21.5.13,78.2828049659729,0,1,0.011227130889892578,156,17.0,31.53846153846154,0
4cd95_00157,0.9250106518960375,0.9606194690265487,0.9614703277236493,0.8405668733392383,0.9396017699115045,0.6199524940617577,76.32579112052917,True,,,1,848fe8560f1247b9b14c7254e1d219fe,2022-08-23_18-28-40,1661246920,76.32579112052917,273076,booster,172.21.5.13,76.32579112052917,0,1,0.019777297973632812,157,17.0,31.53846153846154,1
4cd95_00159,0.9246166950596252,0.9606194690265487,0.9610447100486941,0.8401947764497565,0.9396017699115045,0.6199524940617577,78.29541158676147,True,,,1,0bf3734439324005ad3af833a74f1469,2022-08-23_18-29-40,1661246980,78.29541158676147,273226,booster,172.21.5.13,78.29541158676147,0,1,0.014816522598266602,159,17.0,35.23076923076923,1
4cd95_00158,0.9246166950596252,0.9606194690265487,0.9610447100486941,0.8401947764497565,0.9396017699115045,0.6199524940617577,81.78998708724976,True,,,1,9f99f94c9e6f4c9f9c734aca475bb6ba,2022-08-23_18-29-23,1661246963,81.78998708724976,273142,booster,172.21.5.13,81.78998708724976,0,1,0.009169578552246094,158,17.0,35.23076923076923,0
4cd95_00162,0.9244198424526293,0.9606194690265487,0.9608320424872759,0.840008851515822,0.9387168141592921,0.6199524940617577,87.79815340042114,True,,,1,e1074db038f542ae91704501ba96cd10,2022-08-23_18-30-09,1661247009,87.79815340042114,273374,booster,172.21.5.13,87.79815340042114,0,1,0.006242036819458008,162,17.0,42.61538461538462,0
4cd95_00163,0.9244198424526293,0.9606194690265487,0.9608320424872759,0.840008851515822,0.9387168141592921,0.6199524940617577,90.01709318161011,True,,,1,9235a747168a42ef93a5034da2ea68c2,2022-08-23_18-30-21,1661247021,90.01709318161011,273456,booster,172.21.5.13,90.01709318161011,0,1,0.0047779083251953125,163,17.0,42.61538461538462,1
4cd95_00161,0.9244198424526293,0.9606194690265487,0.9608320424872759,0.840008851515822,0.9387168141592921,0.6199524940617577,84.05287051200867,True,,,1,65852f8e96fc4c0ab4693e6bcb40611b,2022-08-23_18-30-04,1661247004,84.05287051200867,273346,booster,172.21.5.13,84.05287051200867,0,1,0.004640102386474609,161,17.0,38.92307692307693,1
4cd95_00165,0.9244198424526293,0.9606194690265487,0.9608320424872759,0.840008851515822,0.9387168141592921,0.6199524940617577,84.08831691741943,True,,,1,1df2b7a86b2e4bb98f60a109c194b846,2022-08-23_18-31-15,1661247075,84.08831691741943,273584,booster,172.21.5.13,84.08831691741943,0,1,0.01207113265991211,165,17.0,46.30769230769231,1
4cd95_00160,0.9244198424526293,0.9606194690265487,0.9608320424872759,0.840008851515822,0.9387168141592921,0.6199524940617577,80.34553289413452,True,,,1,f1a0599ef64c467ead9b86f7159aef81,2022-08-23_18-29-52,1661246992,80.34553289413452,273285,booster,172.21.5.13,80.34553289413452,0,1,0.0041162967681884766,160,17.0,38.92307692307693,0
4cd95_00164,0.9244198424526293,0.9606194690265487,0.9608320424872759,0.840008851515822,0.9387168141592921,0.6199524940617577,82.63865041732788,True,,,1,5d757f76173c441d959ba51d5ce00c56,2022-08-23_18-30-55,1661247055,82.63865041732788,273525,booster,172.21.5.13,82.63865041732788,0,1,0.0075647830963134766,164,17.0,46.30769230769231,0
4cd95_00167,0.9238135773568844,0.9603982300884956,0.9603982300884956,0.8398230088495575,0.9384955752212389,0.6175771971496437,85.16078758239746,True,,,1,8d1f3d8fa284417582f7c98e2bd6a006,2022-08-23_18-31-39,1661247099,85.16078758239746,273701,booster,172.21.5.13,85.16078758239746,0,1,0.007244586944580078,167,17.0,50.0,1
4cd95_00166,0.9238135773568844,0.9603982300884956,0.9603982300884956,0.8398230088495575,0.9384955752212389,0.6175771971496437,84.25852537155151,True,,,1,263a7049640e47ac98cb311578c9a85c,2022-08-23_18-31-28,1661247088,84.25852537155151,273642,booster,172.21.5.13,84.25852537155151,0,1,0.009305715560913086,166,17.0,50.0,0
4cd95_00151,0.922929120409906,0.9564159292035398,0.9634499665700914,0.8315132605304212,0.9365044247787611,0.5866983372921615,81.79550766944885,True,,,1,ff953894fb494536af973ddc0647943c,2022-08-23_18-27-14,1661246834,81.79550766944885,272741,booster,172.21.5.13,81.79550766944885,0,1,0.004441499710083008,151,17.0,20.461538461538463,1
4cd95_00150,0.9225021349274125,0.9559734513274336,0.9634336677814939,0.8307692307692308,0.9358407079646017,0.5843230403800475,84.51819157600403,True,,,1,58dce0d599534d4782ec042fa7b1106b,2022-08-23_18-27-03,1661246823,84.51819157600403,272656,booster,172.21.5.13,84.51819157600403,0,1,0.0040132999420166016,150,17.0,20.461538461538463,0
4cd95_00094,0.9223695466210436,0.9542035398230089,0.9650928619377936,0.8362049675542627,0.9303097345132744,0.5581947743467933,93.5242292881012,True,,,1,ebc41b97df894cbfa01930883c173532,2022-08-23_18-12-59,1661245979,93.5242292881012,269477,booster,172.21.5.13,93.5242292881012,0,1,0.0042362213134765625,94,11.0,20.461538461538463,0
4cd95_00092,0.9223111880545336,0.9429203539823009,0.9768507907403163,0.8166399266559706,0.9298672566371682,0.45368171021377673,82.01920080184937,True,,,1,8dcb3b2db246423194b3ac4446fa18c0,2022-08-23_18-12-29,1661245949,82.01920080184937,269362,booster,172.21.5.13,82.01920080184937,0,1,0.010936498641967773,92,11.0,16.76923076923077,0
4cd95_00096,0.9220115064990412,0.9573008849557522,0.9615555555555556,0.8413333333333334,0.9300884955752212,0.5843230403800475,92.25768375396729,True,,,1,7cd1e96cdfc0458c8db6e34117cf1bdc,2022-08-23_18-13-12,1661245992,92.25768375396729,269566,booster,172.21.5.13,92.25768375396729,0,1,0.01378631591796875,96,11.0,24.153846153846153,0
4cd95_00098,0.9216687952320136,0.9579646017699115,0.9605146406388643,0.8413930789707187,0.9300884955752212,0.5914489311163895,83.63596534729004,True,,,1,14a19c2968b145ef88a16810a31268bc,2022-08-23_18-14-03,1661246043,83.63596534729004,269703,booster,172.21.5.13,83.63596534729004,0,1,0.004907369613647461,98,11.0,27.846153846153847,0
4cd95_00065,0.9214625703158805,0.9422566371681416,0.9766108690667278,0.8149506993808759,0.9278761061946903,0.44418052256532065,88.4252815246582,True,,,1,bbe8d7a5ccd944a3ad410404e9ee3759,2022-08-23_18-04-54,1661245494,88.4252815246582,267777,booster,172.21.5.13,88.4252815246582,0,1,0.011971712112426758,65,8.0,16.76923076923077,1
4cd95_00100,0.919889502762431,0.9577433628318585,0.9588039867109635,0.8409745293466224,0.9285398230088495,0.5914489311163895,90.14218783378601,True,,,1,3ebf113a99ec4538b6268df81f2c13d0,2022-08-23_18-14-41,1661246081,90.14218783378601,269823,booster,172.21.5.13,90.14218783378601,0,1,0.010017871856689453,100,11.0,31.53846153846154,0
4cd95_00102,0.919091102144829,0.9575221238938053,0.9581580695151649,0.8401593978304184,0.9280973451327433,0.5890736342042755,85.76685905456543,True,,,1,c71f869ce50a4a1c90fa243147823fc2,2022-08-23_18-14-48,1661246088,85.76685905456543,269909,booster,172.21.5.13,85.76685905456543,0,1,0.007320404052734375,102,11.0,35.23076923076923,0
4cd95_00108,0.9187009127573763,0.9575221238938053,0.9577340119495463,0.83978756362027,0.927212389380531,0.5890736342042755,94.33244800567627,True,,,1,da2c647a651342bd80210ebe4f50e6ec,2022-08-23_18-16-38,1661246198,94.33244800567627,270270,booster,172.21.5.13,94.33244800567627,0,1,0.006875514984130859,108,11.0,46.30769230769231,0
4cd95_00106,0.9187009127573763,0.9575221238938053,0.9577340119495463,0.83978756362027,0.927212389380531,0.5890736342042755,85.4743983745575,True,,,1,0758fc7289f543ba8612d375a7e07169,2022-08-23_18-16-16,1661246176,85.4743983745575,270155,booster,172.21.5.13,85.4743983745575,0,1,0.005428791046142578,106,11.0,42.61538461538462,0
4cd95_00104,0.9187009127573763,0.9575221238938053,0.9577340119495463,0.83978756362027,0.927212389380531,0.5890736342042755,80.46645975112915,True,,,1,fe60b0c72bb74d058a6a01d094c60640,2022-08-23_18-15-34,1661246134,80.46645975112915,270033,booster,172.21.5.13,80.46645975112915,0,1,0.01324152946472168,104,11.0,38.92307692307693,0
4cd95_00110,0.9180988754508805,0.9573008849557522,0.9573008849557522,0.8398230088495575,0.9269911504424779,0.5866983372921615,86.93922686576843,True,,,1,ef6d0fd3666143ec8a871b7ad3fa1bcf,2022-08-23_18-17-11,1661246231,86.93922686576843,270391,booster,172.21.5.13,86.93922686576843,0,1,0.015482902526855469,110,11.0,50.0,0
4cd95_00148,0.9152905854600043,0.9442477876106194,0.9675810473815462,0.8050328723645432,0.9309734513274336,0.4750593824228028,83.69025683403015,True,,,1,1a7738dc5a244919b423818bcf287839,2022-08-23_18-26-50,1661246810,83.69025683403015,272594,booster,172.21.5.13,83.69025683403015,0,1,0.011988639831542969,148,17.0,16.76923076923077,0
4cd95_00149,0.9152905854600043,0.9442477876106194,0.9675810473815462,0.8050328723645432,0.9309734513274336,0.4750593824228028,77.78538465499878,True,,,1,b0d4784f80b141e78273bb7c0085d86e,2022-08-23_18-26-54,1661246814,77.78538465499878,272655,booster,172.21.5.13,77.78538465499878,0,1,0.005791187286376953,149,17.0,16.76923076923077,1
4cd95_00037,0.9138714563947198,0.9342920353982301,0.9766419981498612,0.7950971322849214,0.9203539823008849,0.3657957244655582,117.23385810852051,True,,,1,7cec6cf44b9047109ecd3763ef867131,2022-08-23_17-57-06,1661245026,117.23385810852051,266249,booster,172.21.5.13,117.23385810852051,0,1,0.029833555221557617,37,5.0,16.76923076923077,1
4cd95_00009,0.9114775439357778,0.929424778761062,0.9792540792540793,0.786013986013986,0.918141592920354,0.32066508313539194,167.05440998077393,True,,,1,5efcc0816ff24f8d9b7a86dc4ca8b2da,2022-08-23_17-46-32,1661244392,167.05440998077393,264408,booster,172.21.5.13,167.05440998077393,0,1,0.0047571659088134766,9,2.0,16.76923076923077,1
4cd95_00064,0.9004749568221071,0.922787610619469,0.9738501050665421,0.7532103665654915,0.9081858407079646,0.25653206650831356,85.90251231193542,True,,,1,859cdd22898f4edd80ec1ec47075e44e,2022-08-23_18-04-51,1661245491,85.90251231193542,267758,booster,172.21.5.13,85.90251231193542,0,1,0.009541988372802734,64,8.0,16.76923076923077,0
4cd95_00119,0.9000217817468961,0.9141592920353983,0.9831073043064478,0.7865810135617416,0.9019911504424779,0.2517814726840855,82.05984306335449,True,,,1,2d084fcc273f4afdaa16d61b40288874,2022-08-23_18-19-22,1661246362,82.05984306335449,270878,booster,172.21.5.13,82.05984306335449,0,1,0.012532711029052734,119,14.0,13.076923076923077,1
4cd95_00118,0.9000217817468961,0.9141592920353983,0.9831073043064478,0.7865810135617416,0.9019911504424779,0.2517814726840855,78.46574783325195,True,,,1,98b165bd64a84069ac5e0f466d41a1ed,2022-08-23_18-19-18,1661246358,78.46574783325195,270851,booster,172.21.5.13,78.46574783325195,0,1,0.012540340423583984,118,14.0,13.076923076923077,0
4cd95_00146,0.8959051724137931,0.9196902654867256,0.9719429506663549,0.729483282674772,0.9132743362831859,0.22327790973871733,80.97186613082886,True,,,1,af95fcf9445948b798ff5434c4a3f64d,2022-08-23_18-26-18,1661246778,80.97186613082886,272474,booster,172.21.5.13,80.97186613082886,0,1,0.009908199310302734,146,17.0,13.076923076923077,0
4cd95_00147,0.8959051724137931,0.9196902654867256,0.9719429506663549,0.729483282674772,0.9132743362831859,0.22327790973871733,81.06831812858582,True,,,1,50628314b60742feb3023cb0915147b4,2022-08-23_18-26-39,1661246799,81.06831812858582,272536,booster,172.21.5.13,81.06831812858582,0,1,0.005215644836425781,147,17.0,13.076923076923077,1
4cd95_00091,0.8948404022737211,0.9055309734513274,0.9869785387026766,0.8056426332288401,0.8878318584070797,0.24228028503562946,81.95418095588684,True,,,1,cadcd17b2997458284726bec9f086f88,2022-08-23_18-11-58,1661245918,81.95418095588684,269296,booster,172.21.5.13,81.95418095588684,0,1,0.01514434814453125,91,11.0,13.076923076923077,1
4cd95_00183,0.894692678833648,0.9435840707964602,0.9452570921985816,0.7723847517730497,0.9196902654867256,0.5154394299287411,78.81653833389282,True,,,1,eba2446042be422ea577379dd7bbf320,2022-08-23_18-35-34,1661247334,78.81653833389282,274591,booster,172.21.5.13,78.81653833389282,0,1,0.006160259246826172,183,20.0,27.846153846153847,1
4cd95_00182,0.894692678833648,0.9435840707964602,0.9452570921985816,0.7723847517730497,0.9196902654867256,0.5154394299287411,74.86796402931213,True,,,1,f874566e308147fb8fd8be2993a3fb19,2022-08-23_18-35-17,1661247317,74.86796402931213,274533,booster,172.21.5.13,74.86796402931213,0,1,0.0043582916259765625,182,20.0,27.846153846153847,0
4cd95_00090,0.8946217752514211,0.9053097345132743,0.9869753979739508,0.8043897732754463,0.8878318584070797,0.23990498812351543,81.00628662109375,True,,,1,2af70c2df1694a32bb493b42c7639db9,2022-08-23_18-11-32,1661245892,81.00628662109375,269204,booster,172.21.5.13,81.00628662109375,0,1,0.004364967346191406,90,11.0,13.076923076923077,0
4cd95_00184,0.8937552388935457,0.9435840707964602,0.9442107593535533,0.7721939340270091,0.9190265486725664,0.5154394299287411,78.25001645088196,True,,,1,fc57d8f493ae43778b7e8fdf5b14b2e8,2022-08-23_18-35-52,1661247352,78.25001645088196,274651,booster,172.21.5.13,78.25001645088196,0,1,0.018422365188598633,184,20.0,31.53846153846154,0
4cd95_00185,0.8937552388935457,0.9435840707964602,0.9442107593535533,0.7721939340270091,0.9190265486725664,0.5154394299287411,82.23317217826843,True,,,1,69e63c05c8b44e39986f6da83b0e8300,2022-08-23_18-36-05,1661247365,82.23317217826843,274708,booster,172.21.5.13,82.23317217826843,0,1,0.012644052505493164,185,20.0,31.53846153846154,1
4cd95_00181,0.893643801132788,0.9424778761061947,0.9451963612158863,0.77102285333925,0.9185840707964602,0.5106888361045131,82.5089499950409,True,,,1,159fe8a2bf8c4e928c1e13c0f0083ad9,2022-08-23_18-34-55,1661247295,82.5089499950409,274467,booster,172.21.5.13,82.5089499950409,0,1,0.004366636276245117,181,20.0,24.153846153846153,1
4cd95_00180,0.893643801132788,0.9424778761061947,0.9451963612158863,0.77102285333925,0.9185840707964602,0.5106888361045131,87.71781373023987,True,,,1,fa06b7bfa5b746dfa6b1950e2289734d,2022-08-23_18-34-39,1661247279,87.71781373023987,274356,booster,172.21.5.13,87.71781373023987,0,1,0.004659891128540039,180,20.0,24.153846153846153,0
4cd95_00187,0.8935679865912424,0.9435840707964602,0.9440017706949978,0.7720230190349713,0.9190265486725664,0.5154394299287411,78.27971696853638,True,,,1,50e7ac8a85c343b6a06dee0b991cd22d,2022-08-23_18-36-23,1661247383,78.27971696853638,274822,booster,172.21.5.13,78.27971696853638,0,1,0.00662541389465332,187,20.0,35.23076923076923,1
4cd95_00186,0.8935679865912424,0.9435840707964602,0.9440017706949978,0.7720230190349713,0.9190265486725664,0.5154394299287411,78.93046641349792,True,,,1,e9e94ee5391d42f8ae876e1709fc044d,2022-08-23_18-36-11,1661247371,78.93046641349792,274765,booster,172.21.5.13,78.93046641349792,0,1,0.003966808319091797,186,20.0,35.23076923076923,0
4cd95_00191,0.8933808127356514,0.9435840707964602,0.9437928745297632,0.7727373312679796,0.9190265486725664,0.5154394299287411,74.4075927734375,True,,,1,bbe0f83aafd94cd8afe1649c59cc40dd,2022-08-23_18-37-28,1661247448,74.4075927734375,275068,booster,172.21.5.13,74.4075927734375,0,1,0.015943050384521484,191,20.0,42.61538461538462,1
4cd95_00190,0.8933808127356514,0.9435840707964602,0.9437928745297632,0.7727373312679796,0.9190265486725664,0.5154394299287411,77.52492046356201,True,,,1,901a698e589c4aec8a5f193bb6e18703,2022-08-23_18-37-20,1661247440,77.52492046356201,275011,booster,172.21.5.13,77.52492046356201,0,1,0.005499601364135742,190,20.0,42.61538461538462,0
4cd95_00188,0.8933808127356514,0.9435840707964602,0.9437928745297632,0.7727373312679796,0.9190265486725664,0.5154394299287411,79.65675258636475,True,,,1,31053479a4914e7a991923a7053bfcc6,2022-08-23_18-36-48,1661247408,79.65675258636475,274887,booster,172.21.5.13,79.65675258636475,0,1,0.009309768676757812,188,20.0,38.92307692307693,0
4cd95_00189,0.8933808127356514,0.9435840707964602,0.9437928745297632,0.7727373312679796,0.9190265486725664,0.5154394299287411,71.92338037490845,True,,,1,4bd610992aa6417a91250d1e6555a777,2022-08-23_18-36-54,1661247414,71.92338037490845,274946,booster,172.21.5.13,71.92338037490845,0,1,0.003982067108154297,189,20.0,38.92307692307693,1
4cd95_00192,0.8931937172774869,0.9435840707964602,0.9435840707964602,0.7723451327433628,0.9188053097345132,0.5154394299287411,73.62984347343445,True,,,1,bc277f41fca54a4dbf1dc9d55b6a76a7,2022-08-23_18-37-37,1661247457,73.62984347343445,275125,booster,172.21.5.13,73.62984347343445,0,1,0.01638650894165039,192,20.0,46.30769230769231,0
4cd95_00193,0.8931937172774869,0.9435840707964602,0.9435840707964602,0.7723451327433628,0.9188053097345132,0.5154394299287411,71.84951400756836,True,,,1,6e1d033ef126447db639a935bc02ed97,2022-08-23_18-37-45,1661247465,71.84951400756836,275181,booster,172.21.5.13,71.84951400756836,0,1,0.004114389419555664,193,20.0,46.30769230769231,1
4cd95_00194,0.8931937172774869,0.9435840707964602,0.9435840707964602,0.7723451327433628,0.9188053097345132,0.5154394299287411,65.45777082443237,True,,,1,15f5428870d1450c838f06a96047aeb8,2022-08-23_18-38-02,1661247482,65.45777082443237,275248,booster,172.21.5.13,65.45777082443237,0,1,0.004599332809448242,194,20.0,50.0,0
4cd95_00195,0.8931937172774869,0.9435840707964602,0.9435840707964602,0.7723451327433628,0.9188053097345132,0.5154394299287411,64.84250783920288,True,,,1,59595b50765d427c82ee2b424526ae6c,2022-08-23_18-38-11,1661247491,64.84250783920288,275308,booster,172.21.5.13,64.84250783920288,0,1,0.008347511291503906,195,20.0,50.0,1
4cd95_00179,0.8904282115869018,0.9384955752212389,0.9456085599643335,0.7623718234507356,0.9150442477876106,0.47980997624703087,80.8468005657196,True,,,1,65a96d436d0f409d9fc2cd19aee72b8e,2022-08-23_18-34-31,1661247271,80.8468005657196,274354,booster,172.21.5.13,80.8468005657196,0,1,0.0040400028228759766,179,20.0,20.461538461538463,1
4cd95_00178,0.8904282115869018,0.9384955752212389,0.9456085599643335,0.7623718234507356,0.9150442477876106,0.47980997624703087,75.44590735435486,True,,,1,7fd73a9dd8794870801271c9514bbf68,2022-08-23_18-34-25,1661247265,75.44590735435486,274326,booster,172.21.5.13,75.44590735435486,0,1,0.006905078887939453,178,20.0,20.461538461538463,0
4cd95_00066,0.889687235841082,0.9314159292035398,0.9520578923563998,0.7627770239710538,0.8951327433628319,0.332541567695962,85.39794039726257,True,,,1,a277be9048954dcdaf4dad1e923ddebf,2022-08-23_18-05-04,1661245504,85.39794039726257,267845,booster,172.21.5.13,85.39794039726257,0,1,0.005877494812011719,66,8.0,20.461538461538463,0
4cd95_00036,0.8865309657860546,0.9057522123893805,0.9766221374045801,0.7104007633587787,0.8962389380530974,0.0831353919239905,96.91630744934082,True,,,1,316f1487a07940a1a76cbd25c7a2396b,2022-08-23_17-55-57,1661244957,96.91630744934082,266181,booster,172.21.5.13,96.91630744934082,0,1,0.01354217529296875,36,5.0,16.76923076923077,0
4cd95_00063,0.8859706719194572,0.8955752212389381,0.9880400292897242,0.784964608249939,0.8778761061946903,0.15676959619952494,81.15579319000244,True,,,1,3e5d32fd8f704c3b83f6a7c05f47bae5,2022-08-23_18-04-37,1661245477,81.15579319000244,267701,booster,172.21.5.13,81.15579319000244,0,1,0.004391193389892578,63,8.0,13.076923076923077,1
4cd95_00176,0.8857985672144965,0.9300884955752212,0.9489841986455982,0.7370203160270881,0.9132743362831859,0.39429928741092635,81.0227382183075,True,,,1,1cfda7311c49402aaf56a6a0814231b1,2022-08-23_18-33-53,1661247233,81.0227382183075,274203,booster,172.21.5.13,81.0227382183075,0,1,0.010772705078125,176,20.0,16.76923076923077,0
4cd95_00177,0.8857985672144965,0.9300884955752212,0.9489841986455982,0.7370203160270881,0.9132743362831859,0.39429928741092635,78.817307472229,True,,,1,1161405da39746ef805f0ed2949b57b1,2022-08-23_18-34-04,1661247244,78.817307472229,274261,booster,172.21.5.13,78.817307472229,0,1,0.012650012969970703,177,20.0,16.76923076923077,1
4cd95_00008,0.8834275772074816,0.8986725663716815,0.981159420289855,0.6934782608695652,0.893141592920354,0.014251781472684086,114.74790239334106,True,,,1,8c4fe6927ea849beb4cae6a2a1cdb08e,2022-08-23_17-45-25,1661244325,114.74790239334106,264351,booster,172.21.5.13,114.74790239334106,0,1,0.010208368301391602,8,2.0,16.76923076923077,0
4cd95_00062,0.8808846069629954,0.8900442477876106,0.9884520884520884,0.7724815724815725,0.8721238938053097,0.11163895486935867,79.50851082801819,True,,,1,f37cc23c65094e159f6754e33f9cd13d,2022-08-23_18-04-19,1661245459,79.50851082801819,267641,booster,172.21.5.13,79.50851082801819,0,1,0.004368305206298828,62,8.0,13.076923076923077,0
4cd95_00068,0.8801670146137787,0.9327433628318584,0.9398127507802051,0.7610343290236291,0.8834070796460177,0.35391923990498814,99.06878638267517,True,,,1,42b9bd03eae44f72bad8a46d8c715d4c,2022-08-23_18-06-07,1661245567,99.06878638267517,267973,booster,172.21.5.13,99.06878638267517,0,1,0.02502751350402832,68,8.0,24.153846153846153,0
4cd95_00116,0.8794496614981437,0.890929203539823,0.9855604503181595,0.7232011747430249,0.8805309734513275,0.014251781472684086,80.26377868652344,True,,,1,0e7804a7de0d4f9daffa48585ad8a817,2022-08-23_18-18-41,1661246321,80.26377868652344,270729,booster,172.21.5.13,80.26377868652344,0,1,0.0055239200592041016,116,14.0,9.384615384615385,0
4cd95_00117,0.8794496614981437,0.890929203539823,0.9855604503181595,0.7232011747430249,0.8805309734513275,0.014251781472684086,77.53619885444641,True,,,1,4b684f5df8da41d187324fea76f78d3c,2022-08-23_18-19-08,1661246348,77.53619885444641,270791,booster,172.21.5.13,77.53619885444641,0,1,0.014617681503295898,117,14.0,9.384615384615385,1
4cd95_00113,0.8783311489733509,0.8896017699115044,0.9857808286344693,0.7192939445942633,0.8792035398230088,0.0,79.92532515525818,True,,,1,5ed88aa292a04b8580160c41711b87ef,2022-08-23_18-17-48,1661246268,79.92532515525818,270515,booster,172.21.5.13,79.92532515525818,0,1,0.009032249450683594,113,14.0,2.0,1
4cd95_00115,0.8783311489733509,0.8896017699115044,0.9857808286344693,0.7192939445942633,0.8792035398230088,0.0,76.93536925315857,True,,,1,9a109fce04b849f7bf120091b8e45104,2022-08-23_18-18-14,1661246294,76.93536925315857,270664,booster,172.21.5.13,76.93536925315857,0,1,0.014822006225585938,115,14.0,5.6923076923076925,1
4cd95_00112,0.8783311489733509,0.8896017699115044,0.9857808286344693,0.7192939445942633,0.8792035398230088,0.0,80.13110589981079,True,,,1,dfd15c61397e45cd96d34fcc8857c249,2022-08-23_18-17-45,1661246265,80.13110589981079,270511,booster,172.21.5.13,80.13110589981079,0,1,0.004055976867675781,112,14.0,2.0,0
4cd95_00114,0.8783311489733509,0.8896017699115044,0.9857808286344693,0.7192939445942633,0.8792035398230088,0.0,74.57891368865967,True,,,1,5bc230db82ba45e4ad166a1ae6251e6c,2022-08-23_18-18-02,1661246282,74.57891368865967,270604,booster,172.21.5.13,74.57891368865967,0,1,0.004058361053466797,114,14.0,5.6923076923076925,0
4cd95_00144,0.8779170267934313,0.8988938053097345,0.9741069287940541,0.6710620954207625,0.8942477876106195,0.011876484560570071,75.83380150794983,True,,,1,61f24fad15b545ac940f9a87e5435404,2022-08-23_18-25-30,1661246730,75.83380150794983,272324,booster,172.21.5.13,75.83380150794983,0,1,0.00452733039855957,144,17.0,9.384615384615385,0
4cd95_00145,0.8779170267934313,0.8988938053097345,0.9741069287940541,0.6710620954207625,0.8942477876106195,0.011876484560570071,75.49552059173584,True,,,1,71b61b37153741b8bdf8f4ac569db7f7,2022-08-23_18-25-42,1661246742,75.49552059173584,272411,booster,172.21.5.13,75.49552059173584,0,1,0.0061492919921875,145,17.0,9.384615384615385,1
4cd95_00070,0.8778610070744902,0.9334070796460177,0.9365149833518313,0.7587125416204218,0.8811946902654867,0.36342042755344417,88.23742365837097,True,,,1,b68cf6beeb8344818713948e9385f0c0,2022-08-23_18-06-28,1661245588,88.23742365837097,268094,booster,172.21.5.13,88.23742365837097,0,1,0.006833553314208984,70,8.0,27.846153846153847,0
4cd95_00140,0.8770261508536848,0.897787610619469,0.9743097238895558,0.6674669867947179,0.893141592920354,0.0,78.81710505485535,True,,,1,68b36d99e5c94b84aeb9ada91a02e0b0,2022-08-23_18-24-47,1661246687,78.81710505485535,272120,booster,172.21.5.13,78.81710505485535,0,1,0.007142305374145508,140,17.0,2.0,0
4cd95_00141,0.8770261508536848,0.897787610619469,0.9743097238895558,0.6674669867947179,0.893141592920354,0.0,75.89860820770264,True,,,1,14d0757f58fa4ca5aa4eb5ba2e27f3f9,2022-08-23_18-25-09,1661246709,75.89860820770264,272180,booster,172.21.5.13,75.89860820770264,0,1,0.006409168243408203,141,17.0,2.0,1
4cd95_00142,0.8770261508536848,0.897787610619469,0.9743097238895558,0.6674669867947179,0.893141592920354,0.0,70.96889066696167,True,,,1,90be68027ad44fb4a91b93a6191bf50a,2022-08-23_18-25-15,1661246715,70.96889066696167,272239,booster,172.21.5.13,70.96889066696167,0,1,0.004443645477294922,142,17.0,5.6923076923076925,0
4cd95_00143,0.8770261508536848,0.897787610619469,0.9743097238895558,0.6674669867947179,0.893141592920354,0.0,74.76739931106567,True,,,1,ce5c0c446bd64b168852c247a2e24504,2022-08-23_18-25-28,1661246728,74.76739931106567,272323,booster,172.21.5.13,74.76739931106567,0,1,0.011541604995727539,143,17.0,5.6923076923076925,1
4cd95_00072,0.8763764803656763,0.9331858407079646,0.9350476612724451,0.7599201950786966,0.8800884955752213,0.36104513064133015,90.33533358573914,True,,,1,87539e7b5c0d4f919d34daca801c60ce,2022-08-23_18-06-43,1661245603,90.33533358573914,268180,booster,172.21.5.13,90.33533358573914,0,1,0.005887269973754883,72,8.0,31.53846153846154,0
4cd95_00074,0.8760124610591901,0.9331858407079646,0.9346332816308442,0.7595834256592068,0.8789823008849558,0.36104513064133015,84.24461698532104,True,,,1,db8e20e8d0a14f5aaa933544753cd297,2022-08-23_18-07-41,1661245661,84.24461698532104,268307,booster,172.21.5.13,84.24461698532104,0,1,0.013645648956298828,74,8.0,35.23076923076923,0
4cd95_00076,0.8746887966804979,0.9327433628318584,0.933569530558016,0.7586359610274579,0.8774336283185841,0.3586698337292161,89.86985564231873,True,,,1,090826b7590d4cfc8218b8a8a85991db,2022-08-23_18-08-07,1661245687,89.86985564231873,268425,booster,172.21.5.13,89.86985564231873,0,1,0.00447845458984375,76,8.0,38.92307692307693,0
4cd95_00078,0.8741186229780175,0.9325221238938053,0.9331414655744964,0.7580252379898162,0.8774336283185841,0.35629453681710216,84.30482888221741,True,,,1,f5e4741d3e2c4f94990cdb7adb2e8fad,2022-08-23_18-08-19,1661245699,84.30482888221741,268544,booster,172.21.5.13,84.30482888221741,0,1,0.004618406295776367,78,8.0,42.61538461538462,0
4cd95_00080,0.8739373833713456,0.9325221238938053,0.9329349269588313,0.7587428065515714,0.8772123893805309,0.35629453681710216,99.3523211479187,True,,,1,f24555fdc2ef4002a1d5d9fd96b2fca6,2022-08-23_18-09-29,1661245769,99.3523211479187,268666,booster,172.21.5.13,99.3523211479187,0,1,0.00899505615234375,80,8.0,46.30769230769231,0
4cd95_00082,0.8735751295336788,0.9325221238938053,0.9325221238938053,0.7584070796460177,0.8767699115044247,0.35629453681710216,97.04199528694153,True,,,1,32151fddf79e492f86d8d54479087ff9,2022-08-23_18-09-56,1661245796,97.04199528694153,268787,booster,172.21.5.13,97.04199528694153,0,1,0.01371455192565918,82,8.0,50.0,0
4cd95_00035,0.8714630401403817,0.8789823008849558,0.9902791625124626,0.7781655034895314,0.8588495575221239,0.0665083135391924,109.64208602905273,True,,,1,a569db3915224f2aaefb79bed4b4fcc1,2022-08-23_17-55-57,1661244957,109.64208602905273,266096,booster,172.21.5.13,109.64208602905273,0,1,0.004613161087036133,35,5.0,13.076923076923077,1
4cd95_00175,0.8698412698412699,0.9092920353982301,0.9524913093858632,0.6706836616454229,0.8982300884955752,0.18052256532066507,81.59976077079773,True,,,1,da3e2d04c16147208af6f5e40e580c2a,2022-08-23_18-33-21,1661247201,81.59976077079773,274138,booster,172.21.5.13,81.59976077079773,0,1,0.01980280876159668,175,20.0,13.076923076923077,1
4cd95_00174,0.8698412698412699,0.9092920353982301,0.9524913093858632,0.6706836616454229,0.8982300884955752,0.18052256532066507,74.86584639549255,True,,,1,59c39118070e4e4ba8d157be52104ece,2022-08-23_18-33-03,1661247183,74.86584639549255,274044,booster,172.21.5.13,74.86584639549255,0,1,0.016149044036865234,174,20.0,13.076923076923077,0
4cd95_00010,0.8692307692307693,0.9,0.9621570482497634,0.6558656575212867,0.8882743362831859,0.019002375296912115,129.76310443878174,True,,,1,3d443b860dd84e7ca01d6898e1d89a4e,2022-08-23_17-46-05,1661244365,129.76310443878174,264466,booster,172.21.5.13,129.76310443878174,0,1,0.004254579544067383,10,2.0,20.461538461538463,0
4cd95_00038,0.8689043698543382,0.9106194690265487,0.9499192245557351,0.6928225248096007,0.8814159292035398,0.12589073634204276,101.94148445129395,True,,,1,aa772c30bc29438fa7384149cedf2225,2022-08-23_17-57-08,1661245028,101.94148445129395,266310,booster,172.21.5.13,101.94148445129395,0,1,0.0047838687896728516,38,5.0,20.461538461538463,0
4cd95_00034,0.8654099079351162,0.8734513274336283,0.9894736842105263,0.7661654135338346,0.8533185840707964,0.019002375296912115,99.08524560928345,True,,,1,81c4c6d231474d289fd14550bec0901c,2022-08-23_17-55-45,1661244945,99.08524560928345,266094,booster,172.21.5.13,99.08524560928345,0,1,0.0071256160736083984,34,5.0,13.076923076923077,0
4cd95_00007,0.857268528700242,0.8623893805309735,0.9931210191082802,0.803312101910828,0.8373893805309734,0.03800475059382423,157.3017659187317,True,,,1,e4302d5a75a544b68839a2e6547ad338,2022-08-23_17-45-52,1661244352,157.3017659187317,264289,booster,172.21.5.13,157.3017659187317,0,1,0.008878231048583984,7,2.0,13.076923076923077,1
4cd95_00012,0.8562697576396207,0.8988938053097345,0.9475279850746269,0.6357276119402985,0.8789823008849558,0.019002375296912115,125.0178120136261,True,,,1,f47ac12367ae428bb0fcba1c28576d06,2022-08-23_17-47-06,1661244426,125.0178120136261,264599,booster,172.21.5.13,125.0178120136261,0,1,0.004930973052978516,12,2.0,24.153846153846153,0
4cd95_00172,0.8550233149639678,0.8924778761061947,0.9532136105860114,0.6273629489603024,0.8829646017699115,0.011876484560570071,83.67385339736938,True,,,1,c7db003a68af4f8eb4543cf674d9e986,2022-08-23_18-33-01,1661247181,83.67385339736938,273984,booster,172.21.5.13,83.67385339736938,0,1,0.00812387466430664,172,20.0,9.384615384615385,0
4cd95_00173,0.8550233149639678,0.8924778761061947,0.9532136105860114,0.6273629489603024,0.8829646017699115,0.011876484560570071,74.07079577445984,True,,,1,63d0330d56384fd0b9171073cd037651,2022-08-23_18-33-01,1661247181,74.07079577445984,274042,booster,172.21.5.13,74.07079577445984,0,1,0.006577968597412109,173,20.0,9.384615384615385,1
4cd95_00170,0.8541445834216663,0.8913716814159292,0.9533838144817794,0.6237576904874585,0.881858407079646,0.0,76.70890426635742,True,,,1,c7f7030ba32a44c99ccca18458d192ec,2022-08-23_18-32-21,1661247141,76.70890426635742,273862,booster,172.21.5.13,76.70890426635742,0,1,0.0043964385986328125,170,20.0,5.6923076923076925,0
4cd95_00171,0.8541445834216663,0.8913716814159292,0.9533838144817794,0.6237576904874585,0.881858407079646,0.0,72.25950002670288,True,,,1,89074816ff0144adb4b331fa529cd3ce,2022-08-23_18-32-36,1661247156,72.25950002670288,273924,booster,172.21.5.13,72.25950002670288,0,1,0.0043637752532958984,171,20.0,5.6923076923076925,1
4cd95_00169,0.8541445834216663,0.8913716814159292,0.9533838144817794,0.6237576904874585,0.881858407079646,0.0,74.66491866111755,True,,,1,d83e2d0803514309baeaabae10290dd1,2022-08-23_18-31-46,1661247106,74.66491866111755,273793,booster,172.21.5.13,74.66491866111755,0,1,0.01193857192993164,169,20.0,2.0,1
4cd95_00168,0.8541445834216663,0.8913716814159292,0.9533838144817794,0.6237576904874585,0.881858407079646,0.0,77.37757182121277,True,,,1,867e32f64c684706b18b8fe567eafbef,2022-08-23_18-31-34,1661247094,77.37757182121277,273733,booster,172.21.5.13,77.37757182121277,0,1,0.015339374542236328,168,20.0,2.0,0
4cd95_00040,0.8515835230801077,0.9101769911504425,0.9297175141242938,0.6865536723163842,0.856637168141593,0.1377672209026128,99.6603147983551,True,,,1,0525f2ab33e7469994e277b93c0e573a,2022-08-23_17-57-39,1661245059,99.6603147983551,266429,booster,172.21.5.13,99.6603147983551,0,1,0.012993812561035156,40,5.0,24.153846153846153,0
4cd95_00088,0.850956254121785,0.8564159292035398,0.9925641025641025,0.81,0.8305309734513274,0.021377672209026127,76.76152777671814,True,,,1,b16b5ab3b1b543baad6407007d783c6c,2022-08-23_18-11-16,1661245876,76.76152777671814,269145,booster,172.21.5.13,76.76152777671814,0,1,0.019886255264282227,88,11.0,9.384615384615385,0
4cd95_00089,0.850956254121785,0.8564159292035398,0.9925641025641025,0.81,0.8305309734513274,0.021377672209026127,79.1336452960968,True,,,1,f00a0a22245f4727b4c31fff7c1da9be,2022-08-23_18-11-28,1661245888,79.1336452960968,269202,booster,172.21.5.13,79.1336452960968,0,1,0.00764918327331543,89,11.0,9.384615384615385,1
4cd95_00006,0.8506050605060506,0.8553097345132743,0.9935749164739142,0.8059624775122076,0.8294247787610619,0.0023752969121140144,120.13395237922668,True,,,1,15cda6f8fc7b4d4ab62c06e4a86122e0,2022-08-23_17-44-52,1661244292,120.13395237922668,264229,booster,172.21.5.13,120.13395237922668,0,1,0.008412361145019531,6,2.0,13.076923076923077,0
4cd95_00087,0.8491644678979772,0.8544247787610619,0.9928020565552699,0.8048843187660668,0.8285398230088495,0.0,81.08425164222717,True,,,1,e12111696b494db6aee2e5d8f5d93d2a,2022-08-23_18-11-11,1661245871,81.08425164222717,269087,booster,172.21.5.13,81.08425164222717,0,1,0.007311344146728516,87,11.0,5.6923076923076925,1
4cd95_00086,0.8491644678979772,0.8544247787610619,0.9928020565552699,0.8048843187660668,0.8285398230088495,0.0,77.8843605518341,True,,,1,c096f66e825743b4ba374c3e8060f9dd,2022-08-23_18-10-58,1661245858,77.8843605518341,269027,booster,172.21.5.13,77.8843605518341,0,1,0.010711669921875,86,11.0,5.6923076923076925,0
4cd95_00085,0.8491644678979772,0.8544247787610619,0.9928020565552699,0.8048843187660668,0.8285398230088495,0.0,80.33689785003662,True,,,1,6c4d90adbc5b4e8688d29baffeeaa08b,2022-08-23_18-10-26,1661245826,80.33689785003662,268963,booster,172.21.5.13,80.33689785003662,0,1,0.004302024841308594,85,11.0,2.0,1
4cd95_00084,0.8491644678979772,0.8544247787610619,0.9928020565552699,0.8048843187660668,0.8285398230088495,0.0,78.9426212310791,True,,,1,f0530b93d50a46258a78f3c4986866bd,2022-08-23_18-09-50,1661245790,78.9426212310791,268872,booster,172.21.5.13,78.9426212310791,0,1,0.01403951644897461,84,11.0,2.0,0
4cd95_00042,0.8412210612579389,0.9084070796460177,0.9191851354376539,0.6818894112379673,0.8460176991150442,0.14489311163895488,103.64801359176636,True,,,1,6f4062cd2e5b4ba2ac787ecedba4a3f1,2022-08-23_17-57-53,1661245073,103.64801359176636,266518,booster,172.21.5.13,103.64801359176636,0,1,0.011580944061279297,42,5.0,27.846153846153847,0
4cd95_00014,0.8356107660455486,0.8929203539823009,0.9286700414173953,0.6189599631845375,0.863716814159292,0.021377672209026127,119.34111762046814,True,,,1,5a3bfa78831e483a9b34bab43e32f58d,2022-08-23_17-48-01,1661244481,119.34111762046814,264727,booster,172.21.5.13,119.34111762046814,0,1,0.004636287689208984,14,2.0,27.846153846153847,0
4cd95_00044,0.8353708231458843,0.9070796460176991,0.9135472370766489,0.6827094474153298,0.8407079646017699,0.14726840855106887,93.97363328933716,True,,,1,005882bd2ccd4108b332b0210106995b,2022-08-23_17-58-49,1661245129,93.97363328933716,266624,booster,172.21.5.13,93.97363328933716,0,1,0.005037069320678711,44,5.0,31.53846153846154,0
4cd95_00046,0.829649158385723,0.9050884955752212,0.9087072412261217,0.6841403820524211,0.834070796460177,0.14489311163895488,106.20339608192444,True,,,1,1ba7969200cc41fe9f296818a1d722af,2022-08-23_17-59-43,1661245183,106.20339608192444,266770,booster,172.21.5.13,106.20339608192444,0,1,0.01491999626159668,46,5.0,35.23076923076923,0
4cd95_00048,0.8273279352226721,0.9042035398230088,0.9068116263589971,0.6829376525404925,0.831858407079646,0.14489311163895488,98.32696914672852,True,,,1,7f7c5c34f3ae465ab87c16be6a1ae559,2022-08-23_17-59-45,1661245185,98.32696914672852,266830,booster,172.21.5.13,98.32696914672852,0,1,0.010376691818237305,48,5.0,38.92307692307693,0
4cd95_00050,0.8242779236517875,0.9028761061946903,0.90447695035461,0.681072695035461,0.8294247787610619,0.14251781472684086,98.57586812973022,True,,,1,5c4492955c42431692da52dc1d853186,2022-08-23_18-00-55,1661245255,98.57586812973022,266978,booster,172.21.5.13,98.57586812973022,0,1,0.0040132999420166016,50,5.0,42.61538461538462,0
4cd95_00052,0.8228767399636877,0.9024336283185841,0.9032329495128433,0.6802480070859167,0.8283185840707965,0.14014251781472684,106.52157831192017,True,,,1,4787ff46d0964339927736300a95d122,2022-08-23_18-01-37,1661245297,106.52157831192017,267048,booster,172.21.5.13,106.52157831192017,0,1,0.004495859146118164,52,5.0,46.30769230769231,0
4cd95_00054,0.8225448679169187,0.9024336283185841,0.9028331119964587,0.6810535635236831,0.8280973451327434,0.14014251781472684,98.0993242263794,True,,,1,8e0a5fb9e6284f2db760b180347f42b9,2022-08-23_18-01-49,1661245309,98.0993242263794,267165,booster,172.21.5.13,98.0993242263794,0,1,0.013512611389160156,54,5.0,50.0,0
4cd95_00016,0.8217355710192387,0.8882743362831859,0.9164574298105456,0.6087651221182379,0.8471238938053097,0.021377672209026127,127.29308319091797,True,,,1,56c3bbb80d7845d0b3ad47af2b947a9d,2022-08-23_17-48-50,1661244530,127.29308319091797,264851,booster,172.21.5.13,127.29308319091797,0,1,0.013221025466918945,16,2.0,31.53846153846154,0
4cd95_00060,0.8155575143234906,0.8188053097345133,0.9951599892444205,0.8728152729228287,0.7816371681415929,0.023752969121140142,79.55336666107178,True,,,1,75a4f75fa18341a39e0377d7da20232d,2022-08-23_18-03-30,1661245410,79.55336666107178,267516,booster,172.21.5.13,79.55336666107178,0,1,0.01324605941772461,60,8.0,9.384615384615385,0
4cd95_00061,0.8155575143234906,0.8188053097345133,0.9951599892444205,0.8728152729228287,0.7816371681415929,0.023752969121140142,85.20511221885681,True,,,1,6f68fe31b34c4392b39cf9449a1494c1,2022-08-23_18-03-52,1661245432,85.20511221885681,267578,booster,172.21.5.13,85.20511221885681,0,1,0.004308938980102539,61,8.0,9.384615384615385,1
4cd95_00033,0.8032208250606663,0.8055309734513274,0.9964422550629447,0.8828680897646415,0.7646017699115044,0.004750593824228029,116.10045528411865,True,,,1,b83cf2cbf56d4a708b02700346d3e082,2022-08-23_17-55-45,1661244945,116.10045528411865,266030,booster,172.21.5.13,116.10045528411865,0,1,0.004658937454223633,33,5.0,9.384615384615385,1
4cd95_00018,0.7985510163010666,0.8778761061946903,0.898347294543808,0.5884084220058864,0.8234513274336284,0.021377672209026127,123.1927216053009,True,,,1,3b15e77cf42d49958b55931e569c4234,2022-08-23_17-49-19,1661244559,123.1927216053009,264978,booster,172.21.5.13,123.1927216053009,0,1,0.003928661346435547,18,2.0,35.23076923076923,0
4cd95_00032,0.7972197705207414,0.7993362831858407,0.9966896551724138,0.8857931034482759,0.7577433628318584,0.0,96.91017723083496,True,,,1,86516d208264437cb65cf06af6505182,2022-08-23_17-55-15,1661244915,96.91017723083496,265971,booster,172.21.5.13,96.91017723083496,0,1,0.0044786930084228516,32,5.0,9.384615384615385,0
4cd95_00020,0.7847042421828321,0.8716814159292036,0.8871875703670344,0.5771222697590632,0.8099557522123894,0.021377672209026127,130.71809649467468,True,,,1,ad2cfe4e61444c329bcd2b9ce7810505,2022-08-23_17-50-46,1661244646,130.71809649467468,265115,booster,172.21.5.13,130.71809649467468,0,1,0.004664421081542969,20,2.0,38.92307692307693,0
4cd95_00005,0.7799602736702714,0.781858407079646,0.9968970380818054,0.9043723554301834,0.734070796460177,0.0023752969121140144,150.05151748657227,True,,,1,7ee39d9fb90d4001bf0aafc0a313bf59,2022-08-23_17-44-05,1661244245,150.05151748657227,263894,booster,172.21.5.13,150.05151748657227,0,1,0.004758119583129883,5,2.0,9.384615384615385,1
4cd95_00022,0.7737601264572219,0.8663716814159292,0.8786179044200134,0.5687682297509535,0.8019911504424779,0.019002375296912115,123.51785683631897,True,,,1,8df9e8b53f294cca90f745bcea4365fb,2022-08-23_17-51-15,1661244675,123.51785683631897,265314,booster,172.21.5.13,123.51785683631897,0,1,0.0070416927337646484,22,2.0,42.61538461538462,0
4cd95_00056,0.7664459161147903,0.768141592920354,0.9971280873061459,0.9121194715680643,0.7161504424778761,0.0,75.25654363632202,True,,,1,9d3a8f7570dd4c08929cde46707e4054,2022-08-23_18-02-17,1661245337,75.25654363632202,267261,booster,172.21.5.13,75.25654363632202,0,1,0.004978656768798828,56,8.0,2.0,0
4cd95_00059,0.7664459161147903,0.768141592920354,0.9971280873061459,0.9121194715680643,0.7161504424778761,0.0,78.29729843139648,True,,,1,d6468993fba54c128fc6cabc400bd6bb,2022-08-23_18-03-19,1661245399,78.29729843139648,267452,booster,172.21.5.13,78.29729843139648,0,1,0.004859209060668945,59,8.0,5.6923076923076925,1
4cd95_00057,0.7664459161147903,0.768141592920354,0.9971280873061459,0.9121194715680643,0.7161504424778761,0.0,80.90860056877136,True,,,1,def29a00f31f4d53a99ec739713e140c,2022-08-23_18-03-07,1661245387,80.90860056877136,267337,booster,172.21.5.13,80.90860056877136,0,1,0.013367176055908203,57,8.0,2.0,1
4cd95_00058,0.7664459161147903,0.768141592920354,0.9971280873061459,0.9121194715680643,0.7161504424778761,0.0,76.9176926612854,True,,,1,ad631232017d4dde819363c8f5b2002e,2022-08-23_18-03-11,1661245391,76.9176926612854,267398,booster,172.21.5.13,76.9176926612854,0,1,0.0059697628021240234,58,8.0,5.6923076923076925,0
4cd95_00004,0.7615894039735099,0.7632743362831859,0.9971098265895953,0.9147398843930635,0.70929203539823,0.0,129.68125081062317,True,,,1,f6912f6d88804408a8fd4e3d27d15173,2022-08-23_17-43-36,1661244216,129.68125081062317,263850,booster,172.21.5.13,129.68125081062317,0,1,0.012811422348022461,4,2.0,9.384615384615385,0
4cd95_00024,0.7615595611285266,0.8599557522123894,0.8693804518004921,0.5600536792663834,0.7867256637168142,0.019002375296912115,125.97900247573853,True,,,1,180927d67ac249b79111a3e55dd70f00,2022-08-23_17-52-01,1661244721,125.97900247573853,265446,booster,172.21.5.13,125.97900247573853,0,1,0.0063533782958984375,24,2.0,46.30769230769231,0
4cd95_00026,0.7578659370725034,0.8579646017699115,0.8665921787709497,0.5570949720670391,0.7845132743362832,0.019002375296912115,122.47519063949585,True,,,1,ccab98eabb0d486f91cc6a147514ae79,2022-08-23_17-53-07,1661244787,122.47519063949585,265581,booster,172.21.5.13,122.47519063949585,0,1,0.015591859817504883,26,2.0,50.0,0
4cd95_00031,0.5936325447711696,0.5940265486725663,0.9988839285714286,0.9694940476190477,0.5050884955752213,0.0,102.31307601928711,True,,,1,70248466fb94493daa93523662b6c5a7,2022-08-23_17-54-59,1661244899,102.31307601928711,265910,booster,172.21.5.13,102.31307601928711,0,1,0.004082918167114258,31,5.0,5.6923076923076925,1
4cd95_00030,0.5936325447711696,0.5940265486725663,0.9988839285714286,0.9694940476190477,0.5050884955752213,0.0,96.94637155532837,True,,,1,125a99fd3ee640f7915d8c894bd7aa87,2022-08-23_17-53-58,1661244838,96.94637155532837,265836,booster,172.21.5.13,96.94637155532837,0,1,0.007376670837402344,30,5.0,5.6923076923076925,0
4cd95_00003,0.576608445721866,0.5769911504424778,0.9988510149368058,0.9716583684412102,0.48672566371681414,0.0,144.4724280834198,True,,,1,1902c4c5558143c89836de210e436fce,2022-08-23_17-43-45,1661244225,144.4724280834198,263802,booster,172.21.5.13,144.4724280834198,0,1,0.004709482192993164,3,2.0,5.6923076923076925,1
4cd95_00002,0.5600265310634535,0.5603982300884955,0.9988170347003155,0.973186119873817,0.46991150442477875,0.0,110.0939531326294,True,,,1,7ea6b7c86cbe46c2b86537aa8606548f,2022-08-23_17-43-05,1661244185,110.0939531326294,263754,booster,172.21.5.13,110.0939531326294,0,1,0.004300117492675781,2,2.0,5.6923076923076925,0
4cd95_00028,0.515922158337019,0.5161504424778761,0.9991434689507495,0.9785867237687366,0.4261061946902655,0.0,100.47909307479858,True,,,1,257a90cccb8a44ecb2e957e2da5cd734,2022-08-23_17-53-29,1661244809,100.47909307479858,265709,booster,172.21.5.13,100.47909307479858,0,1,0.008761167526245117,28,5.0,2.0,0
4cd95_00029,0.515922158337019,0.5161504424778761,0.9991434689507495,0.9785867237687366,0.4261061946902655,0.0,103.90944170951843,True,,,1,3d05203ec03043be89acb07973ee601b,2022-08-23_17-53-55,1661244835,103.90944170951843,265778,booster,172.21.5.13,103.90944170951843,0,1,0.004704713821411133,29,5.0,2.0,1
4cd95_00001,0.11880530973451327,0.11880530973451327,1.0,0.9981378026070763,0.10376106194690266,0.0,131.7581605911255,True,,,1,db2df633561447578b7d0235cbdd0773,2022-08-23_17-43-22,1661244202,131.7581605911255,263711,booster,172.21.5.13,131.7581605911255,0,1,0.0039331912994384766,1,2.0,2.0,1
4cd95_00000,0.11880530973451327,0.11880530973451327,1.0,0.9981378026070763,0.10376106194690266,0.0,97.65458369255066,True,,,1,68055454a86b4fbf8eac4e74f7ee3387,2022-08-23_17-42-42,1661244162,97.65458369255066,263636,booster,172.21.5.13,97.65458369255066,0,1,0.01300668716430664,0,2.0,2.0,0
